Name,Rating,Total Rating,Price Pounds,Price Pence
"Hcman RGB Large Gaming Mouse Mat, XXL Mouse Pad 800×300×4mm, PC Gaming Accessories Mousepad, Keyboard Desk Mat for Computer Gamer- Black","<span class=""a-icon-alt"">4.6 out of 5 stars</span>","<span class=""a-size-base s-underline-text"">11,731</span>","<span class=""a-price-whole"">11<span class=""a-price-decimal"">.</span></span>","<span class=""a-price-fraction"">99</span>"
COOLOO Blue Light Blocking Glasses for Anti Headache and Eyes Strain Super Light Weight Computer Gaming Glasses Fashion Accessories，Unisex for Women and Men,"<span class=""a-icon-alt"">4.3 out of 5 stars</span>","<span class=""a-size-base s-underline-text"">10,251</span>","<span class=""a-price-whole"">7<span class=""a-price-decimal"">.</span></span>","<span class=""a-price-fraction"">64</span>"
"RGB Gaming Mouse Pad, 14 Glowing Modes 800 x 300mm Led Mouse Mat with Waterproof Surface, Non-Slip Rubber Base Extended Computer Keyboard Mousepad for Macbook, PC, Laptop, Desk","<span class=""a-icon-alt"">4.6 out of 5 stars</span>","<span class=""a-size-base s-underline-text"">5,095</span>","<span class=""a-price-whole"">12<span class=""a-price-decimal"">.</span></span>","<span class=""a-price-fraction"">69</span>"
"RFIVER Wood Monitor Stand Riser-Desk Stand with Smartphone Holder-Desk Accessories for PC, Laptop, Printer-Computer Monitor Stand with Cable Management-Desktop Organizer for iMac, Notebook， Black","<span class=""a-icon-alt"">4.5 out of 5 stars</span>","<span class=""a-size-base s-underline-text"">713</span>","<span class=""a-price-whole"">14<span class=""a-price-decimal"">.</span></span>","<span class=""a-price-fraction"">99</span>"
"6PCS Camera Cover， Webcam Cover Slide，Ultra-Thin Webcam Cover Slide for laptop, MacBook, PC, Cell Phone and More Accessories，Protect Your Privacy and Security","<span class=""a-icon-alt"">4.5 out of 5 stars</span>","<span class=""a-size-base s-underline-text"">118</span>","<span class=""a-price-whole"">1<span class=""a-price-decimal"">.</span></span>","<span class=""a-price-fraction"">99</span>"
"14-in-1 USB C Laptop Docking Station, 4K HDMI Dual/Triple Monitor USB-C Dock Hub","<span class=""a-icon-alt"">4.3 out of 5 stars</span>","<span class=""a-size-base s-underline-text"">120</span>","<span class=""a-price-whole"">69<span class=""a-price-decimal"">.</span></span>","<span class=""a-price-fraction"">99</span>"
58 Piece Computer Repair Tool Kit,"<span class=""a-icon-alt"">4.6 out of 5 stars</span>","<span class=""a-size-base s-underline-text"">582</span>","<span class=""a-price-whole"">26<span class=""a-price-decimal"">.</span></span>","<span class=""a-price-fraction"">99</span>"
"Apex Industries- Laptop Stand, With Phone Holder and 360°Adjustable, Laptop Stand For Desk, Laptop Riser for Desk, Portable Laptop Stand Compatible with All Laptops/MacBook Stand 13""15""17.","<span class=""a-icon-alt"">4.6 out of 5 stars</span>","<span class=""a-size-base s-underline-text"">186</span>","<span class=""a-price-whole"">27<span class=""a-price-decimal"">.</span></span>","<span class=""a-price-fraction"">99</span>"
"Trust Gaming GXT 606 Javv RGB-Illuminated 2.0 PC Speakers, 12 W Peak Power, 3.5 mm Jack, Metal Grille, USB Powered Sound System, Speaker Set for Computer, Laptop, Mac - Grey","<span class=""a-icon-alt"">4.4 out of 5 stars</span>","<span class=""a-size-base s-underline-text"">2,347</span>","<span class=""a-price-whole"">22<span class=""a-price-decimal"">.</span></span>","<span class=""a-price-fraction"">99</span>"
"Newseego Pouch Holder [2 Pack] Portable External Hard Drive Carrying Case for Computer Accessories,Stick-On Laptop Organizer Portable Storage Pocket for External Hard Drive,Wireless Mouse,Cables,Black","<span class=""a-icon-alt"">4.4 out of 5 stars</span>","<span class=""a-size-base s-underline-text"">152</span>","<span class=""a-price-whole"">12<span class=""a-price-decimal"">.</span></span>","<span class=""a-price-fraction"">99</span>"
"V8 Wired Gaming Mouse, 7 Color LED Rainbow Breathing Backlit, 7 Programmable Buttons, 7 DPI Settings Up to 4000 DPI, Lightweight Ergonomic Optical USB Mice for PC Laptop Computer","<span class=""a-icon-alt"">4.6 out of 5 stars</span>","<span class=""a-size-base s-underline-text"">38</span>","<span class=""a-price-whole"">10<span class=""a-price-decimal"">.</span></span>","<span class=""a-price-fraction"">99</span>"
"YMCRLUX Webcam Lighting for Zoom Calls, Remote Conference, Virtual Meeting, Video Conferencing, USB LED Ring Light for Laptop, Computer Monitor, Desk, Wall and Mirror with Suction Cup","<span class=""a-icon-alt"">4.0 out of 5 stars</span>","<span class=""a-size-base s-underline-text"">2,096</span>","<span class=""a-price-whole"">13<span class=""a-price-decimal"">.</span></span>","<span class=""a-price-fraction"">98</span>"
"PC Speakers,SPKPAL Computer Speakers Wired RGB Gaming Speaker for PC 2.0 USB Powered Stereo Dual Channel Multimedia AUX 3.5mm for Laptop Desktop Tablet Phone,10W","<span class=""a-icon-alt"">4.4 out of 5 stars</span>","<span class=""a-size-base s-underline-text"">448</span>","<span class=""a-price-whole"">19<span class=""a-price-decimal"">.</span></span>","<span class=""a-price-fraction"">95</span>"
"HCFGS Travel Cable Organiser Bag, 3-Layers Electronics Accessories Organizer Bag, Universal Carry Travel Gadget Bag for Cables, Power Bank,USB Drive, Charger Hard Disk (Black)","<span class=""a-icon-alt"">4.6 out of 5 stars</span>","<span class=""a-size-base s-underline-text"">2,273</span>","<span class=""a-price-whole"">11<span class=""a-price-decimal"">.</span></span>","<span class=""a-price-fraction"">89</span>"
Wired Gaming Keyboard and Mouse Sets RGB LED Backlit Metal Plate 104 Keys Hand rest Usb Gamer Light Up Keyboard 2400DPI Optical 6 Buttons PC Game Mouse + Mousepad Compatible with Laptop Computer,"<span class=""a-icon-alt"">4.5 out of 5 stars</span>","<span class=""a-size-base s-underline-text"">755</span>","<span class=""a-price-whole"">36<span class=""a-price-decimal"">.</span></span>","<span class=""a-price-fraction"">99</span>"
"Tonsmile Wood Monitor Stand, Multifunctional Wooden Office Desk Organiser Desktop Computer Screen Riser for TV, PC, Laptop (Brown)","<span class=""a-icon-alt"">4.3 out of 5 stars</span>","<span class=""a-size-base s-underline-text"">670</span>","<span class=""a-price-whole"">15<span class=""a-price-decimal"">.</span></span>","<span class=""a-price-fraction"">99</span>"
"GIM Wireless Charging RGB Gaming Mouse Pad 10W, LED Mouse Mat 800x300x4MM, 10 Light Modes Extra Large Mousepad Non-Slip Rubber Base Computer Keyboard Mat for Gaming, Macbook, PC, Laptop, Desk","<span class=""a-icon-alt"">4.5 out of 5 stars</span>","<span class=""a-size-base s-underline-text"">1,244</span>","<span class=""a-price-whole"">29<span class=""a-price-decimal"">.</span></span>","<span class=""a-price-fraction"">99</span>"
"BONTEC Wood Monitor Stand Riser, Desk Monitor Stand with Smartphone Holder, Ergonomic Laptop Stand with Cable Management for Computer, Notebook, iMac, PC, 2 Tiers Black (W420 x D235 x H142mm)","<span class=""a-icon-alt"">4.6 out of 5 stars</span>","<span class=""a-size-base s-underline-text"">3,971</span>","<span class=""a-price-whole"">16<span class=""a-price-decimal"">.</span></span>","<span class=""a-price-fraction"">99</span>"
"IMLIB Acrylic Monitor Stand Riser, Computer Monitor Stand with Smartphone Holder, Ergonomic PC Desk Stand for Keyboard Storage, Computer Stand for Office, Home, School","<span class=""a-icon-alt"">4.5 out of 5 stars</span>","<span class=""a-size-base s-underline-text"">63</span>","<span class=""a-price-whole"">45<span class=""a-price-decimal"">.</span></span>","<span class=""a-price-fraction"">99</span>"
"Webcam, 1080P Pro HD Webcam with Stereo Microphone, 110° Wide Angle, Privacy Cover, Tripod, for Conferencing, Live Streaming, Recording, Compatible with Skype/Zoom/YouTube","<span class=""a-icon-alt"">4.4 out of 5 stars</span>","<span class=""a-size-base s-underline-text"">1,496</span>","<span class=""a-price-whole"">18<span class=""a-price-decimal"">.</span></span>","<span class=""a-price-fraction"">98</span>"
"HUANUO Laptop Tray with Cushion, Built in Mouse Pad & Wrist Pad for Notebook up to 17"" with Tablet, Pen & Phone Holder","<span class=""a-icon-alt"">4.6 out of 5 stars</span>","<span class=""a-size-base s-underline-text"">774</span>","<span class=""a-price-whole"">31<span class=""a-price-decimal"">.</span></span>","<span class=""a-price-fraction"">75</span>"
"Iron Man Mouse, Ergonomic Wireless Mouse 2.4G Portable Mobile Computer Mouse with USB Nano Receiver for Notebook, PC, Laptop, Computer, MacBook, Responds up to 10m. (33 ft)","<span class=""a-icon-alt"">4.5 out of 5 stars</span>","<span class=""a-size-base s-underline-text"">1,215</span>","<span class=""a-price-whole"">15<span class=""a-price-decimal"">.</span></span>","<span class=""a-price-fraction"">98</span>"
Q-Connect KF04501 Screen and Keyboard Wipes (Pack of 100),"<span class=""a-icon-alt"">4.0 out of 5 stars</span>","<span class=""a-size-base s-underline-text"">4,749</span>","<span class=""a-price-whole"">4<span class=""a-price-decimal"">.</span></span>","<span class=""a-price-fraction"">66</span>"
Sabrent 4-Port USB 3.0 Data Hub with Individual LED Power Switches | 2 Ft Cable | Slim & Portable | for Mac & PC (HB-UM43),"<span class=""a-icon-alt"">4.5 out of 5 stars</span>","<span class=""a-size-base s-underline-text"">163,683</span>","<span class=""a-price-whole"">11<span class=""a-price-decimal"">.</span></span>","<span class=""a-price-fraction"">85</span>"
"HUANUO Monitor Stand with 2 Storage Drawers - Metal Mesh Desk Organisers, Support Laptop, Notebook, PC, Monitor, Printer, Scanner up to 15 KG","<span class=""a-icon-alt"">4.6 out of 5 stars</span>","<span class=""a-size-base s-underline-text"">4,541</span>","<span class=""a-price-whole"">28<span class=""a-price-decimal"">.</span></span>","<span class=""a-price-fraction"">99</span>"
"Logitech C920 HD Pro Webcam, Full HD 1080p/30fps Video Calling, Clear Stereo Audio, HD Light Correction, Works with Skype, Zoom, FaceTime, Hangouts, PC/Mac/Laptop/Macbook/Tablet - Black","<span class=""a-icon-alt"">4.6 out of 5 stars</span>","<span class=""a-size-base s-underline-text"">9,066</span>","<span class=""a-price-whole"">53<span class=""a-price-decimal"">.</span></span>","<span class=""a-price-fraction"">99</span>"
UK Layout 60% Mechanical Gaming Keyboard Type C Wired 61 Keys LED USB Waterproof Keyboard 14 Chroma RGB Backlight Anti-ghosting Keys+Extra Keycaps for Computer/PC/Laptop/MAC (White/Red Switch),"<span class=""a-icon-alt"">4.7 out of 5 stars</span>","<span class=""a-size-base s-underline-text"">68</span>","<span class=""a-price-whole"">33<span class=""a-price-decimal"">.</span></span>","<span class=""a-price-fraction"">99</span>"
Apple Magic Mouse,"<span class=""a-icon-alt"">4.6 out of 5 stars</span>","<span class=""a-size-base s-underline-text"">4,225</span>","<span class=""a-price-whole"">73<span class=""a-price-decimal"">.</span></span>","<span class=""a-price-fraction"">00</span>"
"Webcam Cover, Camera Blocker, Webcam Cover Slide, Camera Cover Slim Webcam Privacy Cover Webcam Cover for Phone xs Max Webcam Cover for Laptops Pad Devices Camera Cover Slider Laptop Camera Cover","<span class=""a-icon-alt"">4.4 out of 5 stars</span>","<span class=""a-size-base s-underline-text"">2,662</span>","<span class=""a-price-whole"">3<span class=""a-price-decimal"">.</span></span>","<span class=""a-price-fraction"">39</span>"
"Laptop Bag,BAGSMART 15.6 Inch Briefcase for Women Large Laptop Case Computer Bag Office Travel Business, Pink","<span class=""a-icon-alt"">4.6 out of 5 stars</span>","<span class=""a-size-base s-underline-text"">18</span>","<span class=""a-price-whole"">24<span class=""a-price-decimal"">.</span></span>","<span class=""a-price-fraction"">99</span>"
"PC Speakers, Smalody Computer Speaker, USB Soundbar, Gaming Speaker with Cool LED Lights, Multimedia Speaker Perfect for PC Games,Computer, Desktop, Laptop","<span class=""a-icon-alt"">4.2 out of 5 stars</span>","<span class=""a-size-base s-underline-text"">1,283</span>","<span class=""a-price-whole"">26<span class=""a-price-decimal"">.</span></span>","<span class=""a-price-fraction"">97</span>"
"NJSJ PC Speakers,Mini Desktop Speaker for PC with Colorful LED Light Up,Stereo 2.0 USB Powered 3.5mm Aux Portable Gaming Multimedia Speaker for Computer Laptop Monitor,Tablets,Music Player,6W(Black)","<span class=""a-icon-alt"">4.3 out of 5 stars</span>","<span class=""a-size-base s-underline-text"">2,128</span>","<span class=""a-price-whole"">12<span class=""a-price-decimal"">.</span></span>","<span class=""a-price-fraction"">73</span>"
"Voova 14-15.6 Inch Laptop Sleeve Case with Detachable Accessory Pouch, Waterproof Computer Carry Bag Cover Compatible with MacBook Pro 15/16, Acer Hp Samsung Chromebook, 15"" Surface Book, Light Grey","<span class=""a-icon-alt"">4.8 out of 5 stars</span>","<span class=""a-size-base s-underline-text"">4,922</span>","<span class=""a-price-whole"">19<span class=""a-price-decimal"">.</span></span>","<span class=""a-price-fraction"">54</span>"
"Monitor Stand Riser, 4-Port USB 3.0 Hub Tempered Glass Monitor Stand Quick Charge 5Gbps High-speed Data Transfer Desk Organizer Laptop Stand Keyboard Tray with USB Cable for PC Laptop MacBook (White)","<span class=""a-icon-alt"">4.6 out of 5 stars</span>","<span class=""a-size-base s-underline-text"">581</span>","<span class=""a-price-whole"">35<span class=""a-price-decimal"">.</span></span>","<span class=""a-price-fraction"">99</span>"
"REDBAT Monitor Arm with Laptop Tray for 13 to 32 inch LCD LED Screen, Fully Adjustable Monitor Mount Up to 16 inch Notebook, Monitor Arm with VESA 75/100mm, 2 Mounting Options","<span class=""a-icon-alt"">4.3 out of 5 stars</span>","<span class=""a-size-base s-underline-text"">82</span>","<span class=""a-price-whole"">33<span class=""a-price-decimal"">.</span></span>","<span class=""a-price-fraction"">99</span>"
Apple Pencil,"<span class=""a-icon-alt"">4.7 out of 5 stars</span>","<span class=""a-size-base s-underline-text"">102,824</span>","<span class=""a-price-whole"">83<span class=""a-price-decimal"">.</span></span>","<span class=""a-price-fraction"">59</span>"
"Wired RGB Gaming Mouse, 2500 DPI 7 Buttons, Ergonomic LED Backlit USB Gamer Mice Computer Laptop PC, Compatible with XBOX PC Mac OS Linux - Pink","<span class=""a-icon-alt"">4.6 out of 5 stars</span>","<span class=""a-size-base s-underline-text"">372</span>","<span class=""a-price-whole"">16<span class=""a-price-decimal"">.</span></span>","<span class=""a-price-fraction"">99</span>"
"Anti-Theft Laptop Backpack,15.6-17.3 Inch Business Travel Backpack Bag with Lock with USB Charging & Headphone Port, Water Resistant College School Computer Rucksack Work Backpack for Mens Womens","<span class=""a-icon-alt"">4.7 out of 5 stars</span>","<span class=""a-size-base s-underline-text"">10,145</span>","<span class=""a-price-whole"">30<span class=""a-price-decimal"">.</span></span>","<span class=""a-price-fraction"">99</span>"
"Blade Hawks RGB Gaming Mouse Mat with Speaker, Large Mouse Pad 3 USB Port, 15 Lighting Mode,Water Resistance and Non-Slip,Keyboard Mouse Mat Suitable for Gaming,Computer and Desk(78x30x0.4cm)","<span class=""a-icon-alt"">4.6 out of 5 stars</span>","<span class=""a-size-base s-underline-text"">2,236</span>","<span class=""a-price-whole"">14<span class=""a-price-decimal"">.</span></span>","<span class=""a-price-fraction"">99</span>"
Prodrocam Protective Carrying Case Storage Bag with Hard Shell for Logitech MX Keys Advanced Wireless Keyboard Computer Accessories for Travel,"<span class=""a-icon-alt"">4.5 out of 5 stars</span>","<span class=""a-size-base s-underline-text"">42</span>","<span class=""a-price-whole"">20<span class=""a-price-decimal"">.</span></span>","<span class=""a-price-fraction"">79</span>"
"Laptop Backpack, Extra Large 17 Inch Business Travel Rucksack with USB Charging Port Earphone Hole, Durable Water Resistant Work Computer Backpack College/High School Bags for Men/Women/Boys, Black","<span class=""a-icon-alt"">4.6 out of 5 stars</span>","<span class=""a-size-base s-underline-text"">621</span>","<span class=""a-price-whole"">29<span class=""a-price-decimal"">.</span></span>","<span class=""a-price-fraction"">99</span>"
"Ultra-thin Mouse, Ergonomic Design Wireless Mouse Computer Accessories for Laptop Desktop Computer",,,,
JIALONG New Upgraded Version Mouse Mat World Map Desk Pad Gaming Mousepad with Personalized Design Extended Large Size 900x400mm for Work Office Computer PC Laptop Protector,"<span class=""a-icon-alt"">4.7 out of 5 stars</span>","<span class=""a-size-base s-underline-text"">12,654</span>","<span class=""a-price-whole"">14<span class=""a-price-decimal"">.</span></span>","<span class=""a-price-fraction"">99</span>"
"HUANUO Monitor Stand Riser - 3 Height Adjustable Monitor Stand Ergonomic Metal Monitor Riser Stand with Mesh Platform for Laptop, Computer, PC, Printer up to 20KG","<span class=""a-icon-alt"">4.7 out of 5 stars</span>","<span class=""a-size-base s-underline-text"">6,249</span>","<span class=""a-price-whole"">15<span class=""a-price-decimal"">.</span></span>","<span class=""a-price-fraction"">99</span>"
"HUANUO Monitor Stand Riser, Monitor Riser, Laptop Stand, Laptop Shelf w/Vented Metal, for Screen, Laptops, Printer, for Home & Office","<span class=""a-icon-alt"">4.6 out of 5 stars</span>","<span class=""a-size-base s-underline-text"">1,254</span>","<span class=""a-price-whole"">16<span class=""a-price-decimal"">.</span></span>","<span class=""a-price-fraction"">99</span>"
"Razer Huntsman Mini (Purple Switch) - Compact Gaming Keyboard (Compact 60% Keyboard with Clicky Opto-Mechanical Switches, PBT Keycaps, Detachable USB-C Cable) UK Layout | Black","<span class=""a-icon-alt"">4.6 out of 5 stars</span>","<span class=""a-size-base s-underline-text"">2,010</span>",,
"Extra Large Backpack for Men 55L,18.4 Inch Travel Laptop Backpack Work bag with USB Charging Port Big Business Flight Approved TSA Heavy Duty Computer Rucksack for Men Women College School,Black","<span class=""a-icon-alt"">4.5 out of 5 stars</span>","<span class=""a-size-base s-underline-text"">20</span>","<span class=""a-price-whole"">39<span class=""a-price-decimal"">.</span></span>","<span class=""a-price-fraction"">99</span>"
"Wireless Gaming Controller, Dual-Vibration Joystick Gamepad Computer Game Controller for PC Windows 7/8/10, PS3,/Switch/TV Box/Laptop/Android Mobile Phones","<span class=""a-icon-alt"">4.1 out of 5 stars</span>","<span class=""a-size-base s-underline-text"">223</span>","<span class=""a-price-whole"">29<span class=""a-price-decimal"">.</span></span>","<span class=""a-price-fraction"">59</span>"
"Tower RGB Headset Stand, Headphone Holder for Gamers Gaming PC Accessories, Black","<span class=""a-icon-alt"">4.6 out of 5 stars</span>","<span class=""a-size-base s-underline-text"">73</span>","<span class=""a-price-whole"">20<span class=""a-price-decimal"">.</span></span>","<span class=""a-price-fraction"">99</span>"
"LORYERGO Dual Monitor Stand Riser, [Upgraded] Monitor Stand for Desk, 3 Shelf Wooden Screen Stand with Adjustable Length &Angle, 2 Extra Organizer Slot Desk Computer Riser for PC Laptop Printer Tablet","<span class=""a-icon-alt"">4.4 out of 5 stars</span>","<span class=""a-size-base s-underline-text"">4,601</span>","<span class=""a-price-whole"">26<span class=""a-price-decimal"">.</span></span>","<span class=""a-price-fraction"">99</span>"
"Gaming Streaming Microphone, FIFINE USB PC Desktop Mic with Controllable RGB, Mute Tap, Monitoring Headphone Jack, Gain Knob on Mac/PS4/PS5, Computer Condenser Mic for Video Podcasting Chatting-A8","<span class=""a-icon-alt"">4.8 out of 5 stars</span>","<span class=""a-size-base s-underline-text"">8</span>","<span class=""a-price-whole"">56<span class=""a-price-decimal"">.</span></span>","<span class=""a-price-fraction"">99</span>"
"Logitech Z200 PC Speakers, Stereo Sound, 10 Watts Peak Power, 2 x 3.5mm Inputs, Headphone Jack, Adjustable Bass, Volume Controls, UK Plug, PC/TV/Smartphone/Tablet - Midnight Black","<span class=""a-icon-alt"">4.5 out of 5 stars</span>","<span class=""a-size-base s-underline-text"">7,293</span>","<span class=""a-price-whole"">29<span class=""a-price-decimal"">.</span></span>","<span class=""a-price-fraction"">99</span>"
"Wireless Keyboard Bluetooth 5.1 100 Keys Retro Round Keyboard Cap Computer Accessories, Gifts for Family and Office (Pink Mixed)",,,,
"Laptop Bag 17 inch, Large Business Briefcase for Men Women Waterproof Laptop Shoulder Messenger Bag Fit 17 inch Laptop, Expandable Multifuntional Computer Bag for Laptop Tablet Notebook, Black","<span class=""a-icon-alt"">4.7 out of 5 stars</span>","<span class=""a-size-base s-underline-text"">1,719</span>","<span class=""a-price-whole"">32<span class=""a-price-decimal"">.</span></span>","<span class=""a-price-fraction"">99</span>"
Whchiy Mobile CPU Stand Adjustable Computer Case Holder with 4 Caster Wheels Suitable for Most PC (Black),"<span class=""a-icon-alt"">4.5 out of 5 stars</span>","<span class=""a-size-base s-underline-text"">157</span>","<span class=""a-price-whole"">17<span class=""a-price-decimal"">.</span></span>","<span class=""a-price-fraction"">88</span>"
"NJSJ Computer Speakers,Bluetooth Speaker 2.0 PC Speakers for Desktop with Dynamic RGB LED Light Up,Wired Gaming Multimedia for PC Laptop Monitors PS5,10W","<span class=""a-icon-alt"">4.1 out of 5 stars</span>","<span class=""a-size-base s-underline-text"">403</span>","<span class=""a-price-whole"">23<span class=""a-price-decimal"">.</span></span>","<span class=""a-price-fraction"">82</span>"
"Trust Gaming GXT 232 Mantis Streaming Gaming Microphone for PC, PS4 and PS5, USB Connected, Including Shock Mount, Pop Filter and Tripod Stand, Black","<span class=""a-icon-alt"">4.2 out of 5 stars</span>","<span class=""a-size-base s-underline-text"">5,075</span>","<span class=""a-price-whole"">22<span class=""a-price-decimal"">.</span></span>","<span class=""a-price-fraction"">49</span>"
"Gimars Upgrade Gel Memory Foam Set Keyboard Wrist Rest Pad, Ergonomic Mouse Wrist Mat Cushion Support with Non Slip Rubber Base for Office, Computer, Laptop, PC, Gaming, Black","<span class=""a-icon-alt"">4.6 out of 5 stars</span>","<span class=""a-size-base s-underline-text"">281</span>","<span class=""a-price-whole"">12<span class=""a-price-decimal"">.</span></span>","<span class=""a-price-fraction"">99</span>"
JIAU HUA Red Flamingo Keyboards Ultrathin Mini Keyboards Custom Computer Accessories Stylish Gaming Keyboards For Laptop,,,,
IOCrest SY-ACC65085 5.25-Inch Blank Drawer Rack for Storing Computer Accessories/CD Media/Driver/Cable - Black,"<span class=""a-icon-alt"">4.2 out of 5 stars</span>","<span class=""a-size-base s-underline-text"">63</span>","<span class=""a-price-whole"">11<span class=""a-price-decimal"">.</span></span>","<span class=""a-price-fraction"">29</span>"
"Aothia Large Dual Monitor Stand for Computer Screens Solid Wood Riser with Sustainable Cork Block Legs Supports Heavy Laptop Computer/TV/PC,Perfect Shelf Organizer for Office (Oak, Large)","<span class=""a-icon-alt"">4.3 out of 5 stars</span>","<span class=""a-size-base s-underline-text"">49</span>","<span class=""a-price-whole"">59<span class=""a-price-decimal"">.</span></span>","<span class=""a-price-fraction"">99</span>"
Apple 20W USB-C Power Adapter,"<span class=""a-icon-alt"">4.8 out of 5 stars</span>","<span class=""a-size-base s-underline-text"">33,864</span>","<span class=""a-price-whole"">18<span class=""a-price-decimal"">.</span></span>","<span class=""a-price-fraction"">00</span>"
"Webcam HD 1080p Web Camera, USB PC Computer Webcam with Microphone, Laptop Desktop Full HD Camera Video Webcam 110 Degree Widescreen, Pro Streaming Webcam for Recording, Calling, Conferencing, Gaming","<span class=""a-icon-alt"">4.2 out of 5 stars</span>","<span class=""a-size-base s-underline-text"">17,538</span>","<span class=""a-price-whole"">18<span class=""a-price-decimal"">.</span></span>","<span class=""a-price-fraction"">69</span>"
"NJSJ RGB Computer Speakers 10W Gaming PC Speakers USB-Powered with Enhanced Bass, Rainbow LED Light Up,3.5mm Audio Stereo Speakers for PC Desktop,Laptop,Tablet,Monitor","<span class=""a-icon-alt"">4.5 out of 5 stars</span>","<span class=""a-size-base s-underline-text"">310</span>","<span class=""a-price-whole"">23<span class=""a-price-decimal"">.</span></span>","<span class=""a-price-fraction"">99</span>"
"Gaming Keyboard and Mouse and Mouse pad and Gaming Headset, Wired LED RGB Backlight Bundle for PC Gamers Users - 4 in 1 Gift Box Edition Hornet RX-250","<span class=""a-icon-alt"">4.4 out of 5 stars</span>","<span class=""a-size-base s-underline-text"">15,292</span>","<span class=""a-price-whole"">29<span class=""a-price-decimal"">.</span></span>","<span class=""a-price-fraction"">99</span>"
"ATUMTEK Monitor Stand for Desk, Monitor Stand Riser 3 Shelf Adjustable Length and Angle for PC Computer Screen Laptop Small Projector Printer - Black","<span class=""a-icon-alt"">4.5 out of 5 stars</span>","<span class=""a-size-base s-underline-text"">218</span>","<span class=""a-price-whole"">16<span class=""a-price-decimal"">.</span></span>","<span class=""a-price-fraction"">99</span>"
"RGB Gaming Mouse Mat Pad, BLADE HAWKS Oversized LED Extended Mousepad with Non-Slip Rubber Base, 10 Chroma RGB Keyboard Mouse Mat for Computer, PC, Desk - XXL(800×300×4mm)","<span class=""a-icon-alt"">4.6 out of 5 stars</span>","<span class=""a-size-base s-underline-text"">4,831</span>","<span class=""a-price-whole"">12<span class=""a-price-decimal"">.</span></span>","<span class=""a-price-fraction"">99</span>"
"USB Headset With Microphone For Laptop, PC Headphones With Mic Noise Cancelling, Computer Headsets With In-Line Volume Control & Mute, Stereo 3.5mm Jack Super Clarity For Buisness Office Skype Zoom","<span class=""a-icon-alt"">4.2 out of 5 stars</span>","<span class=""a-size-base s-underline-text"">501</span>","<span class=""a-price-whole"">26<span class=""a-price-decimal"">.</span></span>","<span class=""a-price-fraction"">99</span>"
"FITUEYES 2 Tiers Monitor Riser Stand, 54cm Large Computer Laptop Stand with Keyboard Storage Space, Desk Accessories, Home Office Supplies, Black","<span class=""a-icon-alt"">4.6 out of 5 stars</span>","<span class=""a-size-base s-underline-text"">2,106</span>","<span class=""a-price-whole"">29<span class=""a-price-decimal"">.</span></span>","<span class=""a-price-fraction"">99</span>"
"MAMBASNAKE PC Keyboard Stand Riser Ergonomic Computer Keyboard Holder, Gaming Accessories for Desk, 366 RGB Backlit for 60% 80% 100% Keyboard, Clear Acrylic 15° Tilted Keyboard Tray for Office & Home","<span class=""a-icon-alt"">4.5 out of 5 stars</span>","<span class=""a-size-base s-underline-text"">34</span>","<span class=""a-price-whole"">19<span class=""a-price-decimal"">.</span></span>","<span class=""a-price-fraction"">99</span>"
"StarTech.com 15.6"" Laptop Backpack with Removable Accessory Case - Professional IT Tech Backpack for Work/Travel/Commute - Durable Ergonomic Computer Bag - Nylon - Notebook/Tablet Pockets (NTBKBAG156)","<span class=""a-icon-alt"">4.4 out of 5 stars</span>","<span class=""a-size-base s-underline-text"">9</span>","<span class=""a-price-whole"">91<span class=""a-price-decimal"">.</span></span>","<span class=""a-price-fraction"">44</span>"
"VORSPRUNG® 12"" Tri Triple Screen extender for Laptop, Dual 2X Monitor Display w/STAND Support & Folding Design, FHD 1080P IPS – Portable, for 13"" - 16.1"" Windows,Notebook,Chrome & Mac, Version 2 (UK)","<span class=""a-icon-alt"">3.0 out of 5 stars</span>","<span class=""a-size-base s-underline-text"">8</span>","<span class=""a-price-whole"">379<span class=""a-price-decimal"">.</span></span>","<span class=""a-price-fraction"">95</span>"
"Wired RGB Backlight Mouse with Silent Clicking, 1600 DPI, 4 LED Modes for PC Computer Laptop Desktop with USB Ports, Black","<span class=""a-icon-alt"">4.6 out of 5 stars</span>","<span class=""a-size-base s-underline-text"">160</span>","<span class=""a-price-whole"">10<span class=""a-price-decimal"">.</span></span>","<span class=""a-price-fraction"">99</span>"
HYSNZJK Genshin Impact Gaming Mouse Mat RGB Video Games Computer Mouse Mat Large Gaming Keyboard Mat PC Accessories Desk Mat 300 x 600 x 4 mm,,,,
CP110 Very Funny Stress Reduction Pad Directions Novelty Gift Printed PC Laptop Computer Mouse Mat Pad,"<span class=""a-icon-alt"">4.5 out of 5 stars</span>","<span class=""a-size-base s-underline-text"">332</span>","<span class=""a-price-whole"">6<span class=""a-price-decimal"">.</span></span>","<span class=""a-price-fraction"">99</span>"
"Landici Laptop Case Sleeve 13 13.3 Inch for Women Girls, 360°Protective Computer Cover Bag Compatible with MacBook Air 13 2020 M1, MacBook Pro 13/14 2021, 13.5 Surface Laptop 3/4, Dell XPS 13,Purple","<span class=""a-icon-alt"">4.7 out of 5 stars</span>","<span class=""a-size-base s-underline-text"">1,673</span>","<span class=""a-price-whole"">13<span class=""a-price-decimal"">.</span></span>","<span class=""a-price-fraction"">59</span>"
"Mobile Phone Headset with Microphone Noise Cancelling & Call Controls, 3.5mm Computer Headphone for iPhone PC Laptop Skype Softphone Business Call Center Office, Clear Chat, Ultra Comfort","<span class=""a-icon-alt"">4.3 out of 5 stars</span>","<span class=""a-size-base s-underline-text"">273</span>","<span class=""a-price-whole"">26<span class=""a-price-decimal"">.</span></span>","<span class=""a-price-fraction"">95</span>"
"Camera Cover 6 PCS， Webcam Cover Slide，Ultra-Thin Webcam Cover Slide for laptop, MacBook, PC, Cell Phone and More Accessories，Protect Your Privacy and Security","<span class=""a-icon-alt"">4.5 out of 5 stars</span>","<span class=""a-size-base s-underline-text"">640</span>","<span class=""a-price-whole"">2<span class=""a-price-decimal"">.</span></span>","<span class=""a-price-fraction"">37</span>"
"OneGET Laptop Sleeve for 2020 13 Inch Macbook Internal Fluff Laptop Bag With Accessory Pocket, Protective Carrying Case Cover for 13"" Lenovo Dell Hp Asus Acer Chromebook(13-13.3Inch, Black)","<span class=""a-icon-alt"">4.4 out of 5 stars</span>","<span class=""a-size-base s-underline-text"">537</span>","<span class=""a-price-whole"">12<span class=""a-price-decimal"">.</span></span>","<span class=""a-price-fraction"">07</span>"
"PC Speakers, 10W RGB Gaming Speakers for PC Desktop Monitor Laptop USB-Powered 2.0 Stereo Computer Wired Speaker with 6 LED Modes","<span class=""a-icon-alt"">3.0 out of 5 stars</span>","<span class=""a-size-base s-underline-text"">2</span>","<span class=""a-price-whole"">19<span class=""a-price-decimal"">.</span></span>","<span class=""a-price-fraction"">99</span>"
ComfyCozy Leather Desk Pad and Pen Holder | Large Gaming Laptop PC Computer Non Slip Mouse Mat for Desks | Luxury Leather Gift | Keyboard Office Mousepad Accessories Protector Mats Gifts | 80 * 40cm,"<span class=""a-icon-alt"">4.6 out of 5 stars</span>","<span class=""a-size-base s-underline-text"">408</span>","<span class=""a-price-whole"">12<span class=""a-price-decimal"">.</span></span>","<span class=""a-price-fraction"">99</span>"
"Laptop Docking Station, USB C Docking Station Dual Monitor, 6 IN 1 USB C to Dual HDMI Adapter Multiport USB C Hub with 2 HDMI, 3 USB, PD for Dell XPS 13/15, Lenovo Yoga","<span class=""a-icon-alt"">4.3 out of 5 stars</span>","<span class=""a-size-base s-underline-text"">187</span>","<span class=""a-price-whole"">36<span class=""a-price-decimal"">.</span></span>","<span class=""a-price-fraction"">53</span>"
"Desktop Computer Power Switch,LITROK External Remote Start PC Motherboard Power On Off Switch Button Extension Cable","<span class=""a-icon-alt"">4.4 out of 5 stars</span>","<span class=""a-size-base s-underline-text"">33</span>",,
"CloudValley Webcam Cover Slide [2-Pack], 0.023 Inch Ultra-Thin Metal Web Camera Privacy Cover for MacBook Pro*, iMac, Laptop Accessories, PC, iPad Pro, iPhone, Computer and Others [Black]","<span class=""a-icon-alt"">4.6 out of 5 stars</span>","<span class=""a-size-base s-underline-text"">40,709</span>","<span class=""a-price-whole"">3<span class=""a-price-decimal"">.</span></span>","<span class=""a-price-fraction"">99</span>"
"Laptop Stand For Desk - Best Ventilated Cooling Computer Stand for Laptop with Anti-Slip Pads & Cable Organisers – Laptop riser for MacBook Pro/Air, HP, Sony, Dell, More Laptops 11""–17"" (Silver)","<span class=""a-icon-alt"">4.5 out of 5 stars</span>","<span class=""a-size-base s-underline-text"">102</span>","<span class=""a-price-whole"">20<span class=""a-price-decimal"">.</span></span>","<span class=""a-price-fraction"">39</span>"
"Webcam 60fps, HD 1080p Webcam with Microphone for Desktop, Manual Focus PC Webcam for Laptop, Computer Camera Streaming for OBS Compatible for Windows/Mac","<span class=""a-icon-alt"">4.2 out of 5 stars</span>","<span class=""a-size-base s-underline-text"">2,007</span>","<span class=""a-price-whole"">36<span class=""a-price-decimal"">.</span></span>","<span class=""a-price-fraction"">99</span>"
"10-Channel Computer Colour Hub, for PC desktop computer motherboard with Extension Cable Motherboard Colour Fan Computer Accessories (5-Port Fan Hub)","<span class=""a-icon-alt"">4.4 out of 5 stars</span>","<span class=""a-size-base s-underline-text"">376</span>","<span class=""a-price-whole"">2<span class=""a-price-decimal"">.</span></span>","<span class=""a-price-fraction"">99</span>"
"Bactlit Gaming Keyboard,Rii RK100 Plus 7 Color Rainbow LED Backlit Mechanical Feeling USB Wired Gaming Keyboard (UK Layout)","<span class=""a-icon-alt"">4.4 out of 5 stars</span>","<span class=""a-size-base s-underline-text"">3,680</span>","<span class=""a-price-whole"">15<span class=""a-price-decimal"">.</span></span>","<span class=""a-price-fraction"">29</span>"
"Elgato 10GAA9901 Stream Deck - Live Content Creation Controller with 15 Customizable LCD Keys, Adjustable Stand for Windows 10 and MacOS 10.13 or Later , Black","<span class=""a-icon-alt"">4.8 out of 5 stars</span>","<span class=""a-size-base s-underline-text"">13,382</span>","<span class=""a-price-whole"">124<span class=""a-price-decimal"">.</span></span>","<span class=""a-price-fraction"">99</span>"
"HYZUO 13 Inch Laptop Sleeve Case Cover with Stand Feature Compatible with MacBook Air 13 M1 2018-2021/MacBook Pro 13 M1 2016-2021/iPad Pro 12.9 M1 2021/Surface Pro X 8 7 6 5 4/Dell XPS 13, Mint Green","<span class=""a-icon-alt"">4.5 out of 5 stars</span>","<span class=""a-size-base s-underline-text"">1,444</span>","<span class=""a-price-whole"">21<span class=""a-price-decimal"">.</span></span>","<span class=""a-price-fraction"">99</span>"
Lubardy Laptop Sleeve 15-15.6 inch Laptop Case Water Repellent Laptop Cover Bag Notebook Protective Bag with Accessory Pocket Black,"<span class=""a-icon-alt"">4.4 out of 5 stars</span>","<span class=""a-size-base s-underline-text"">148</span>","<span class=""a-price-whole"">11<span class=""a-price-decimal"">.</span></span>","<span class=""a-price-fraction"">99</span>"
"MATEIN Travel Laptop Backpack, Work Bag Lightweight Laptop Bag with USB Charging Port, Anti Theft Business Backpack, Water Resistant School Rucksack Gifts for Men and Women, Fits 15.6 Inch Laptop-Grey","<span class=""a-icon-alt"">4.8 out of 5 stars</span>","<span class=""a-size-base s-underline-text"">14,545</span>","<span class=""a-price-whole"">23<span class=""a-price-decimal"">.</span></span>","<span class=""a-price-fraction"">99</span>"
KLIM C4 Tabletop USB Microphone for PC and Mac - Compatible with any Computer - Professional Desktop Microphone - High Definition Audio - NEW 2022,"<span class=""a-icon-alt"">4.3 out of 5 stars</span>","<span class=""a-size-base s-underline-text"">126</span>","<span class=""a-price-whole"">14<span class=""a-price-decimal"">.</span></span>","<span class=""a-price-fraction"">97</span>"
"LENRUE Computer Speakers, USB-Powered PC Speakers for Desktop Computer Laptop, with LED Lights, Plug and Play (Light Black)","<span class=""a-icon-alt"">4.3 out of 5 stars</span>","<span class=""a-size-base s-underline-text"">771</span>","<span class=""a-price-whole"">19<span class=""a-price-decimal"">.</span></span>","<span class=""a-price-fraction"">99</span>"
"HAOCOO Desk Mat Large Mouse Mat XXL Gaming Mouse Pad Anti-Slip Desk Protector Keyboard Pad Computer Accessories for Office Home Work (Tropical Plants, 90*40CM)","<span class=""a-icon-alt"">4.7 out of 5 stars</span>","<span class=""a-size-base s-underline-text"">127</span>","<span class=""a-price-whole"">15<span class=""a-price-decimal"">.</span></span>","<span class=""a-price-fraction"">99</span>"
"Logitech K120 Wired Business Keyboard for Windows or Linux, USB Plug-and-Play, Full-Size, Spill Resistant, Curved Space Bar, PC/Laptop, QWERTY UK Layout - Black","<span class=""a-icon-alt"">4.6 out of 5 stars</span>","<span class=""a-size-base s-underline-text"">5,714</span>","<span class=""a-price-whole"">12<span class=""a-price-decimal"">.</span></span>","<span class=""a-price-fraction"">38</span>"
"Accessories Kit for Nintendo Switch and Nintendo Switch OLED, Accessories Bundle Wheel Grip Caps Carrying Case Screen Protector Controller","<span class=""a-icon-alt"">4.5 out of 5 stars</span>","<span class=""a-size-base s-underline-text"">13,131</span>","<span class=""a-price-whole"">35<span class=""a-price-decimal"">.</span></span>","<span class=""a-price-fraction"">99</span>"
"FITUEYES Dual Monitor Stand with Pull Out Drawer, Wood PC Laptop Computer Screen Riser,3 Shelf Swivel Length Adjustable, Desk Accessories, Office Supplies, Max Load 25 kg, Black","<span class=""a-icon-alt"">4.2 out of 5 stars</span>","<span class=""a-size-base s-underline-text"">22</span>","<span class=""a-price-whole"">35<span class=""a-price-decimal"">.</span></span>","<span class=""a-price-fraction"">99</span>"
"Black Stereo Headphones with Volume Control | For Desktop PC Computer, Laptop | Value Computing Audio Accessories from iChoose®","<span class=""a-icon-alt"">3.7 out of 5 stars</span>","<span class=""a-size-base s-underline-text"">118</span>","<span class=""a-price-whole"">6<span class=""a-price-decimal"">.</span></span>","<span class=""a-price-fraction"">95</span>"
"Laptop Bed Table,Notebook Table Dorm Desk,Portable Lap Desk,Notebook Table Dorm Desk with Foldable Legs & Cup Slot,for Eating Breakfast,Reading,Watching Movie on Bed/Sofa(60 x 40cm) Pink","<span class=""a-icon-alt"">4.5 out of 5 stars</span>","<span class=""a-size-base s-underline-text"">1,398</span>","<span class=""a-price-whole"">26<span class=""a-price-decimal"">.</span></span>","<span class=""a-price-fraction"">99</span>"
"DOBAOJIA Cat Paw Mouse Pad, Ergonomic Mouse Pad, Mouse Mat with Wrist Support, Silicone Gel Mouse Pad, Cute Mouse Pad, Kawaii Mouse Pad, for Home/Office/Gaming, Mouse Mat Pink & White","<span class=""a-icon-alt"">4.6 out of 5 stars</span>","<span class=""a-size-base s-underline-text"">212</span>","<span class=""a-price-whole"">13<span class=""a-price-decimal"">.</span></span>","<span class=""a-price-fraction"">99</span>"
"TECOOL 14 Inch Laptop Sleeve Protective Case Cover with Pockets for 14"" HP Lenovo Dell Acer Chromebook, 15 Surface Book 3 2, Dell xps 15 Notebook Shockproof Water-resistant Computer Bag, Dark Blue","<span class=""a-icon-alt"">4.7 out of 5 stars</span>","<span class=""a-size-base s-underline-text"">5,550</span>","<span class=""a-price-whole"">16<span class=""a-price-decimal"">.</span></span>","<span class=""a-price-fraction"">99</span>"
"havit Wired LED Gaming Keyboard UK Layout & Mouse & Headset & Mouse Pad Combo Set 4 in 1 Bundle for PC/Laptop, Gaming Headset for XBOX/ PS4/ Tablets and More, Black","<span class=""a-icon-alt"">4.5 out of 5 stars</span>","<span class=""a-size-base s-underline-text"">1,250</span>","<span class=""a-price-whole"">29<span class=""a-price-decimal"">.</span></span>","<span class=""a-price-fraction"">99</span>"
"LOVEVOOK Laptop Backpack Women 17 inch, Large School Computer Bag with USB Port, Work Backpack Bags for Women for Business College Travel, Laptop Rucksack for Teacher Nurse,BeigeGrey","<span class=""a-icon-alt"">4.7 out of 5 stars</span>","<span class=""a-size-base s-underline-text"">111</span>","<span class=""a-price-whole"">36<span class=""a-price-decimal"">.</span></span>","<span class=""a-price-fraction"">99</span>"
"AboveTEK Portable Laptop Lap Desk w/Retractable Left/Right Mouse Pad Tray, Non-Slip Heat Shield Tablet Notebook Computer Stand Table w/Sturdy Stable Cooler Work Surface for Bed Sofa Couch or Travel","<span class=""a-icon-alt"">4.5 out of 5 stars</span>","<span class=""a-size-base s-underline-text"">5,058</span>","<span class=""a-price-whole"">24<span class=""a-price-decimal"">.</span></span>","<span class=""a-price-fraction"">99</span>"
"17 inch Laptop Shoulder Bag,Double-Layer Air Cushion Shockproof,Waterproof Business Laptop Cases Briefcase Computer Bags Expandable Capacity for Business Travel School Men Women Purple","<span class=""a-icon-alt"">4.4 out of 5 stars</span>","<span class=""a-size-base s-underline-text"">100</span>","<span class=""a-price-whole"">29<span class=""a-price-decimal"">.</span></span>","<span class=""a-price-fraction"">99</span>"
CatEye Velo Cycle Computer,"<span class=""a-icon-alt"">4.5 out of 5 stars</span>","<span class=""a-size-base s-underline-text"">7,380</span>","<span class=""a-price-whole"">16<span class=""a-price-decimal"">.</span></span>","<span class=""a-price-fraction"">36</span>"
"Bike Computer, Wireless Cycling Computer Wide LCD Display Bike Speedometer 21 Functions Odometer","<span class=""a-icon-alt"">4.2 out of 5 stars</span>","<span class=""a-size-base s-underline-text"">73</span>","<span class=""a-price-whole"">14<span class=""a-price-decimal"">.</span></span>","<span class=""a-price-fraction"">39</span>"
"tomtoc 360 Protective Laptop Carrying Case for 13-inch MacBook Air M2/A2681 M1/A2337 2022-2018, MacBook Pro M2/A2686 M1/A2337 2022-2016, 12.3 Surface Pro 8/X/7+/7/6, Water-Resistant Laptop Bag","<span class=""a-icon-alt"">4.7 out of 5 stars</span>","<span class=""a-size-base s-underline-text"">8,238</span>","<span class=""a-price-whole"">18<span class=""a-price-decimal"">.</span></span>","<span class=""a-price-fraction"">50</span>"
"TECKNET Laptop Cooling Pad Adjustable Height Laptop Cooler with 3 Ultra Quiet Fans, Laptop Fan Stand for Desk/Bed/Lap with 2 USB Ports, Ergonomic Comfort Notebook Cooler Pad Fits for 12”-17” Laptops","<span class=""a-icon-alt"">4.5 out of 5 stars</span>","<span class=""a-size-base s-underline-text"">4,818</span>","<span class=""a-price-whole"">23<span class=""a-price-decimal"">.</span></span>","<span class=""a-price-fraction"">99</span>"
"Amazon Brand - Eono Mouse Pad 80x40cm Large Desk Mat PU Leather Desk Protector Blotter Waterproof Laptop Desk Pad, Anti-Slip Extended Table Mouse Mat for Keyboard and Mouse Computer for Office Home","<span class=""a-icon-alt"">4.6 out of 5 stars</span>","<span class=""a-size-base s-underline-text"">420</span>","<span class=""a-price-whole"">13<span class=""a-price-decimal"">.</span></span>","<span class=""a-price-fraction"">99</span>"
"61W Mac book Charger, USB C Power Adapter Plug with 2M Type C Cable Compatible Mac book Pro 13'' 15'' 2016 Late, Mac Book Air 2018 Late, USB C PD Laptop Charger Power Supply and More","<span class=""a-icon-alt"">4.9 out of 5 stars</span>","<span class=""a-size-base s-underline-text"">17</span>","<span class=""a-price-whole"">16<span class=""a-price-decimal"">.</span></span>","<span class=""a-price-fraction"">99</span>"
"6u 19"" 450mm Deep Black Wall Mounted Data Cabinet Patch Panel PDU Comms Network","<span class=""a-icon-alt"">4.5 out of 5 stars</span>","<span class=""a-size-base s-underline-text"">38</span>","<span class=""a-price-whole"">145<span class=""a-price-decimal"">.</span></span>","<span class=""a-price-fraction"">90</span>"
"Dual Monitor Arm Mount ,Height Adjustable Monitor Desk Stand for 13-27 inch Computer Screens,Ergonomic Mount with Clamp 90° Tilt, 360° Rotation, Swivel 180° - VESA Dimensions: 75x75-100x100","<span class=""a-icon-alt"">4.5 out of 5 stars</span>","<span class=""a-size-base s-underline-text"">35</span>","<span class=""a-price-whole"">29<span class=""a-price-decimal"">.</span></span>","<span class=""a-price-fraction"">99</span>"
"Qisan Large gaming Mouse Pad/Mat Extended Large Size Mousepad for Computer Laptop 31.5""x11.8""x0.15"" Keyboard Pad Desk Pad with Anti-slip Rubber Base Rectangle Mouse Pad Mat-Black","<span class=""a-icon-alt"">4.6 out of 5 stars</span>","<span class=""a-size-base s-underline-text"">374</span>","<span class=""a-price-whole"">8<span class=""a-price-decimal"">.</span></span>","<span class=""a-price-fraction"">98</span>"
KontrolFreek FPS Freek Inferno for Playstation 4 (PS4) and PlayStation 5 (PS5) | Performance Thumbsticks | 2 High-Rise Concave | Red,"<span class=""a-icon-alt"">4.4 out of 5 stars</span>","<span class=""a-size-base s-underline-text"">14,339</span>","<span class=""a-price-whole"">12<span class=""a-price-decimal"">.</span></span>","<span class=""a-price-fraction"">38</span>"
"TECKNET Laptop Cooling Pad, Laptop Notebook Cooler Cooling Pad Stand with 2 Ultra Quiet Fans, Ergonomic Comfort Notebook Cooler Pad Fits for 12""-16"" Laptop","<span class=""a-icon-alt"">4.4 out of 5 stars</span>","<span class=""a-size-base s-underline-text"">1,715</span>","<span class=""a-price-whole"">20<span class=""a-price-decimal"">.</span></span>","<span class=""a-price-fraction"">99</span>"
"CURMIO Desktop Computer Travel Bag, Carrying Case for Computer Tower PC Chassis, Keyboard, Cable and Mouse, Bag Only, Gray","<span class=""a-icon-alt"">4.5 out of 5 stars</span>","<span class=""a-size-base s-underline-text"">45</span>","<span class=""a-price-whole"">59<span class=""a-price-decimal"">.</span></span>","<span class=""a-price-fraction"">99</span>"
65W 90W ETL Certification Universal Laptop Charger Compatible with HP Dell Lenovo Acer ASUS Samsung Toshiba Gateway Sony Fujitsu Laptop Charger Notebook Ultrabook Power Adapter Cord 16 Connectors,"<span class=""a-icon-alt"">4.8 out of 5 stars</span>","<span class=""a-size-base s-underline-text"">19</span>","<span class=""a-price-whole"">19<span class=""a-price-decimal"">.</span></span>","<span class=""a-price-fraction"">99</span>"
"tomtoc 360° Protective Laptop Sleeve for 12.3 Inch Microsoft Surface Pro 8/X/7+/7/6/5/4/3/2/1, 12.4-inch Microsoft Surface Laptop Go, New Dell XPS 13 2021, Notebook Case Bag With Accessory Pocket","<span class=""a-icon-alt"">4.7 out of 5 stars</span>","<span class=""a-size-base s-underline-text"">18,657</span>","<span class=""a-price-whole"">19<span class=""a-price-decimal"">.</span></span>","<span class=""a-price-fraction"">53</span>"
"2-Pack HUANUO Monitor Stand Riser - 3 Height Adjustable Monitor Riser for Laptop, Computer, iMac, PC, Printer, Desktop Metal Ergonomic Desk Monitor Riser Stand with Ventilated Platform for Airflow","<span class=""a-icon-alt"">4.6 out of 5 stars</span>","<span class=""a-size-base s-underline-text"">834</span>","<span class=""a-price-whole"">22<span class=""a-price-decimal"">.</span></span>","<span class=""a-price-fraction"">94</span>"
"COOSPO Bike Computer GPS Wireless, ANT+ Cycling Computer GPS with Bluetooth , Multifunctional ANT+ Bicycle Computer GPS with 2.4 LCD Screen, Bike Speedometer with Auto Backlight IP67","<span class=""a-icon-alt"">4.4 out of 5 stars</span>","<span class=""a-size-base s-underline-text"">662</span>","<span class=""a-price-whole"">39<span class=""a-price-decimal"">.</span></span>","<span class=""a-price-fraction"">49</span>"
"Webcam Cover Slide, Upgrade Ultra-Thin Camera Covers Compatible for Laptop Apple MacBook iPad Pro iMac Cell Phone -Protect Your Privacy Security(3-Pack）","<span class=""a-icon-alt"">4.5 out of 5 stars</span>","<span class=""a-size-base s-underline-text"">305</span>","<span class=""a-price-whole"">2<span class=""a-price-decimal"">.</span></span>","<span class=""a-price-fraction"">99</span>"
"Perixx PERIMICE-209U Wired USB Mouse with Scroll Wheel for Left or Right-hand Use, for Computers and Laptops, Black","<span class=""a-icon-alt"">4.5 out of 5 stars</span>","<span class=""a-size-base s-underline-text"">562</span>","<span class=""a-price-whole"">9<span class=""a-price-decimal"">.</span></span>","<span class=""a-price-fraction"">99</span>"
"Logitech MX Anywhere 2 Wireless Mouse, Amazon Exclusive, Bluetooth and 2.4GHz Connection via Unifying USB Receiver, 4000 DPI Sensor, Rechargeable Battery, Multi-Device, 7 Buttons, PC/Mac/iPadOS","<span class=""a-icon-alt"">4.6 out of 5 stars</span>","<span class=""a-size-base s-underline-text"">14,291</span>","<span class=""a-price-whole"">48<span class=""a-price-decimal"">.</span></span>","<span class=""a-price-fraction"">82</span>"
"Amazon Brand- Eono Laptop Sleeve Case 14"" Protective Laptop Computer Carrying Case Cover Bag,Waterproof, Shock Resistant, Anti-Scratch, Soft Lining Padded for 13"" MacBook Pro/Air/14"" Notebook/Tablet","<span class=""a-icon-alt"">4.6 out of 5 stars</span>","<span class=""a-size-base s-underline-text"">481</span>","<span class=""a-price-whole"">13<span class=""a-price-decimal"">.</span></span>","<span class=""a-price-fraction"">99</span>"
"Trust Yvi FX Wireless Mouse with LED Illumination, USB Micro Receiver, RF 2.4 GHz, 800/1600 DPI, Ambidextrous, 8 m Range, Computer Mouse for PC, Laptop and Mac - Black [Amazon Exclusive]","<span class=""a-icon-alt"">4.2 out of 5 stars</span>","<span class=""a-size-base s-underline-text"">239</span>","<span class=""a-price-whole"">14<span class=""a-price-decimal"">.</span></span>","<span class=""a-price-fraction"">99</span>"
"Camera Cover Slide, Upgrade Ultra-Thin Webcam Covers Slide Compatible for Computers Desktops, MacBook, PC, Tablet, Cell Phone and more Accessories -Protect Your Privacy Security(3PACK)","<span class=""a-icon-alt"">4.3 out of 5 stars</span>","<span class=""a-size-base s-underline-text"">250</span>","<span class=""a-price-whole"">2<span class=""a-price-decimal"">.</span></span>","<span class=""a-price-fraction"">69</span>"
SIDORENKO Laptop Bag 15/15.6 Inch - Modern Laptop Case made of Canvas I Document Bag I Dirt & Water Proof Computer Bag with Accessory Compartment,"<span class=""a-icon-alt"">4.6 out of 5 stars</span>","<span class=""a-size-base s-underline-text"">72</span>","<span class=""a-price-whole"">19<span class=""a-price-decimal"">.</span></span>","<span class=""a-price-fraction"">70</span>"
"2 Pack Matte Anti-Glare Blue Light Filter Screen Protector for Newest MacBook Air 13.6"" 2022 with M2 Chip (Model: A2681), Anti-Scratch Laptop Screen Protective Film (HD)","<span class=""a-icon-alt"">5.0 out of 5 stars</span>","<span class=""a-size-base s-underline-text"">4</span>","<span class=""a-price-whole"">21<span class=""a-price-decimal"">.</span></span>","<span class=""a-price-fraction"">99</span>"
Red and Black Camo Camouflage Gaming Mouse Pad Large XL Long Extended Pads Big Mousepad Keyboard Mouse Mat Desk Pad Home Office Decor Accessories for Computer Pc Laptop,"<span class=""a-icon-alt"">4.7 out of 5 stars</span>","<span class=""a-size-base s-underline-text"">84</span>",,
"ineo Tool-Free 2 x 2.5 inch Hard Drive SSD HDD and 1 x 3.5 inch HDD to 5.25 Drive Bay Adapter Converter Mounting Bracket (3544 [5.25"" Drive Bay])","<span class=""a-icon-alt"">4.5 out of 5 stars</span>","<span class=""a-size-base s-underline-text"">150</span>","<span class=""a-price-whole"">15<span class=""a-price-decimal"">.</span></span>","<span class=""a-price-fraction"">99</span>"
"HUANUO Single Monitor Arm for 13"" to 32"" Screen, Height Adjustable Gas Spring Single Monitor Stand with 9KG Weight Capacity, Single Monitor Mount with 2 Mounting Methods Supports VESA 75x75/ 100x100","<span class=""a-icon-alt"">4.5 out of 5 stars</span>","<span class=""a-size-base s-underline-text"">3,095</span>","<span class=""a-price-whole"">29<span class=""a-price-decimal"">.</span></span>","<span class=""a-price-fraction"">74</span>"
SPGOOD Bike computer wireless 16 functions waterproof LCD speed bike speedometer bike odometer cycling computer cycle speedometer,"<span class=""a-icon-alt"">4.0 out of 5 stars</span>","<span class=""a-size-base s-underline-text"">1,514</span>","<span class=""a-price-whole"">12<span class=""a-price-decimal"">.</span></span>","<span class=""a-price-fraction"">99</span>"
"Logitech MK270 Wireless Keyboard and Mouse Combo for Windows, 2.4 GHz Wireless, Compact Mouse, 8 Multimedia and Shortcut Keys, 2-Year Battery Life, for PC, Laptop, QWERTY UK English Layout - Black","<span class=""a-icon-alt"">4.5 out of 5 stars</span>","<span class=""a-size-base s-underline-text"">19,684</span>","<span class=""a-price-whole"">17<span class=""a-price-decimal"">.</span></span>","<span class=""a-price-fraction"">99</span>"
Laptop Backpack 15.6 Inch College Casual Daypack Rucksack Bag Computer Backpack with USB Charging Port for Business School Travel Black,"<span class=""a-icon-alt"">4.6 out of 5 stars</span>","<span class=""a-size-base s-underline-text"">68</span>","<span class=""a-price-whole"">25<span class=""a-price-decimal"">.</span></span>","<span class=""a-price-fraction"">99</span>"
"ITNRSIIET Mouse Pad with Stitched Edge, Mouse Mat Premium-Textured, Waterproof, Non-Slip Rubber Base Round Mousepad for Laptop Computer PC Office, Cute Design Desk Accessories, Pink Marble","<span class=""a-icon-alt"">4.6 out of 5 stars</span>","<span class=""a-size-base s-underline-text"">2,749</span>","<span class=""a-price-whole"">4<span class=""a-price-decimal"">.</span></span>","<span class=""a-price-fraction"">89</span>"
"FINPAC Macbook Charger Organiser Case, Small Electronic Organiser Bag for MacBook Power Adapter, Portable Storage Travel Pouch for Laptop Accessories, Magic Mouse, USB Drives, GoPro, Gadget, Tech Gear","<span class=""a-icon-alt"">4.4 out of 5 stars</span>","<span class=""a-size-base s-underline-text"">166</span>","<span class=""a-price-whole"">11<span class=""a-price-decimal"">.</span></span>","<span class=""a-price-fraction"">99</span>"
"MATEIN Laptop Case 14 Inch, Slim Laptop Sleeve Water Resistant Computer Cover Bag, Lightweight Laptop Bag Lightweight Laptops Carrying Case PC Protective Cover with Accessory Storage Pocket, Grey","<span class=""a-icon-alt"">4.5 out of 5 stars</span>","<span class=""a-size-base s-underline-text"">244</span>","<span class=""a-price-whole"">12<span class=""a-price-decimal"">.</span></span>","<span class=""a-price-fraction"">99</span>"
"Epessa Stick-On External Hard Drive Case Holder, Portable Mouse Pouch, Laptop Organizer for External Hard Drive,Stylus Pens,Wireless Mouse,Cables,Earphones | Compatible with Laptop,MacBook and iPad","<span class=""a-icon-alt"">4.2 out of 5 stars</span>","<span class=""a-size-base s-underline-text"">37</span>","<span class=""a-price-whole"">10<span class=""a-price-decimal"">.</span></span>","<span class=""a-price-fraction"">99</span>"
"Webcam for PC with Microphone - 1080P FHD Webcam with Privacy Cover, Plug and Play USB Web Camera for Desktop & Laptop Conference, Meeting, Zoom, Skype, Facetime, Windows, Linux, and macOS","<span class=""a-icon-alt"">4.3 out of 5 stars</span>","<span class=""a-size-base s-underline-text"">1,403</span>","<span class=""a-price-whole"">22<span class=""a-price-decimal"">.</span></span>","<span class=""a-price-fraction"">94</span>"
"Travel Laptop Backpack Water Resistant Anti-Theft Bag with USB Charging Port and Lock 14/15.6 Inch Computer Business Backpacks for Women Men College School Student Gift,Bookbag Casual Hiking Daypack","<span class=""a-icon-alt"">4.6 out of 5 stars</span>","<span class=""a-size-base s-underline-text"">35,444</span>","<span class=""a-price-whole"">20<span class=""a-price-decimal"">.</span></span>","<span class=""a-price-fraction"">35</span>"
StarTech.com 2m Black Straight Through DB9 RS232 Serial Cable - DB9 RS232 Serial Extension Cable - Male to Female Cable (MXT1002MBK),"<span class=""a-icon-alt"">4.4 out of 5 stars</span>","<span class=""a-size-base s-underline-text"">408</span>","<span class=""a-price-whole"">3<span class=""a-price-decimal"">.</span></span>","<span class=""a-price-fraction"">95</span>"
"Logitech G920 Driving Force Racing Wheel and Floor Pedals, Real Force Feedback, Stainless Steel Paddle Shifters, Leather Steering Wheel Cover for Xbox Series X|S, Xbox One, PC, Mac - Black","<span class=""a-icon-alt"">4.6 out of 5 stars</span>","<span class=""a-size-base s-underline-text"">5,874</span>","<span class=""a-price-whole"">229<span class=""a-price-decimal"">.</span></span>","<span class=""a-price-fraction"">00</span>"
"MATEIN Laptop Case 14 Inch, Slim Laptop Sleeve Water Resistant Computer Cover Bag, Lightweight Laptop Bag Lightweight Laptops Carrying Case PC Protective Cover with Accessory Storage Pocket, Grey","<span class=""a-icon-alt"">4.5 out of 5 stars</span>","<span class=""a-size-base s-underline-text"">244</span>","<span class=""a-price-whole"">12<span class=""a-price-decimal"">.</span></span>","<span class=""a-price-fraction"">99</span>"
"Epessa Stick-On External Hard Drive Case Holder, Portable Mouse Pouch, Laptop Organizer for External Hard Drive,Stylus Pens,Wireless Mouse,Cables,Earphones | Compatible with Laptop,MacBook and iPad","<span class=""a-icon-alt"">4.2 out of 5 stars</span>","<span class=""a-size-base s-underline-text"">37</span>","<span class=""a-price-whole"">10<span class=""a-price-decimal"">.</span></span>","<span class=""a-price-fraction"">99</span>"
"Logitech G920 Driving Force Racing Wheel and Floor Pedals, Real Force Feedback, Stainless Steel Paddle Shifters, Leather Steering Wheel Cover for Xbox Series X|S, Xbox One, PC, Mac - Black","<span class=""a-icon-alt"">4.6 out of 5 stars</span>","<span class=""a-size-base s-underline-text"">5,874</span>","<span class=""a-price-whole"">229<span class=""a-price-decimal"">.</span></span>","<span class=""a-price-fraction"">00</span>"
"Webcam for PC with Microphone - 1080P FHD Webcam with Privacy Cover, Plug and Play USB Web Camera for Desktop & Laptop Conference, Meeting, Zoom, Skype, Facetime, Windows, Linux, and macOS","<span class=""a-icon-alt"">4.3 out of 5 stars</span>","<span class=""a-size-base s-underline-text"">1,403</span>","<span class=""a-price-whole"">22<span class=""a-price-decimal"">.</span></span>","<span class=""a-price-fraction"">94</span>"
"Travel Laptop Backpack Water Resistant Anti-Theft Bag with USB Charging Port and Lock 14/15.6 Inch Computer Business Backpacks for Women Men College School Student Gift,Bookbag Casual Hiking Daypack","<span class=""a-icon-alt"">4.6 out of 5 stars</span>","<span class=""a-size-base s-underline-text"">35,444</span>","<span class=""a-price-whole"">20<span class=""a-price-decimal"">.</span></span>","<span class=""a-price-fraction"">35</span>"
StarTech.com 2m Black Straight Through DB9 RS232 Serial Cable - DB9 RS232 Serial Extension Cable - Male to Female Cable (MXT1002MBK),"<span class=""a-icon-alt"">4.4 out of 5 stars</span>","<span class=""a-size-base s-underline-text"">408</span>","<span class=""a-price-whole"">3<span class=""a-price-decimal"">.</span></span>","<span class=""a-price-fraction"">95</span>"
"Logitech Z407 Bluetooth Computer Speakers with Subwoofer and Wireless Control, Immersive Sound, Premium Audio with Multiple Inputs, USB Speakers - Black","<span class=""a-icon-alt"">4.6 out of 5 stars</span>","<span class=""a-size-base s-underline-text"">5,850</span>","<span class=""a-price-whole"">79<span class=""a-price-decimal"">.</span></span>","<span class=""a-price-fraction"">99</span>"
Dell New Genuine 19.5V 3.34A 65W Charger Inspiron 15 7560 P61F Laptop Ac Adapter Power Supply Unit with UK Power Cable -Sold By Wikiparts,"<span class=""a-icon-alt"">4.6 out of 5 stars</span>","<span class=""a-size-base s-underline-text"">12</span>","<span class=""a-price-whole"">19<span class=""a-price-decimal"">.</span></span>","<span class=""a-price-fraction"">99</span>"
"OROPY Wood Vintage Monitor Stand Holder, PC Laptop Computer Screen Riser, Desktop Storage Organiser Shelf for Home or Office, 55 x 23 x 14cm, Dark Brown","<span class=""a-icon-alt"">4.6 out of 5 stars</span>","<span class=""a-size-base s-underline-text"">735</span>","<span class=""a-price-whole"">24<span class=""a-price-decimal"">.</span></span>","<span class=""a-price-fraction"">99</span>"
UK Layout 5-in-1 Wired Gaming Keyboard Mouse Sets Rainbow Backlit Usb Gaming Keyboard+2400DPI 6 Buttons Optical Rainbow LED Gaming Mouse+Gaming Headset+RGB Speakers+Mouse Pads for Computer/PC(White),"<span class=""a-icon-alt"">4.4 out of 5 stars</span>","<span class=""a-size-base s-underline-text"">543</span>","<span class=""a-price-whole"">27<span class=""a-price-decimal"">.</span></span>","<span class=""a-price-fraction"">99</span>"
"Ropch 15 15.6"" Felt Laptop Sleeve with Handle Portable Carrying Case Bag Pouch for Asus / Acer / Dell / HP / Lenovo / Toshiba - Dark Grey","<span class=""a-icon-alt"">4.5 out of 5 stars</span>","<span class=""a-size-base s-underline-text"">7,523</span>","<span class=""a-price-whole"">15<span class=""a-price-decimal"">.</span></span>","<span class=""a-price-fraction"">99</span>"
"JanSport Medium Accessory Pouch, Medium Pouch, 0.8 L, 12 x 22 x 4.5 cm","<span class=""a-icon-alt"">3.9 out of 5 stars</span>","<span class=""a-size-base s-underline-text"">2</span>",,
"Dell Original 19V 3.34A 65W Charger Latitude 3301, 3400, 3500 Laptop Charger Power Supply Ac Adapter with UK Power Cord -Sold By Wikiparts","<span class=""a-icon-alt"">4.7 out of 5 stars</span>","<span class=""a-size-base s-underline-text"">38</span>","<span class=""a-price-whole"">19<span class=""a-price-decimal"">.</span></span>","<span class=""a-price-fraction"">99</span>"
"Dell WD19 180W Docking Station (130W Power Delivery) USB-C, HDMI, Dual DisplayPort, Black","<span class=""a-icon-alt"">4.5 out of 5 stars</span>","<span class=""a-size-base s-underline-text"">1,110</span>","<span class=""a-price-whole"">249<span class=""a-price-decimal"">.</span></span>","<span class=""a-price-fraction"">99</span>"
"LOVEVOOK Laptop Backpack for Women 15.6 Inch, Womens Backpack for Work Business Travel School College With USB Port, Lightweight Back Pack Computer Laptop Rucksack, Stylish Daypack-Black","<span class=""a-icon-alt"">4.8 out of 5 stars</span>","<span class=""a-size-base s-underline-text"">120</span>","<span class=""a-price-whole"">32<span class=""a-price-decimal"">.</span></span>","<span class=""a-price-fraction"">99</span>"
"Laptop Sleeve Case with Small Accessory Bag – Apple MacBook Pro, Air, Microsoft Surface, Chromebook and Notebook Computer Compatible – Highly Water Repellent Soft Plush Inner Protector Cover(Burgundy)","<span class=""a-icon-alt"">4.5 out of 5 stars</span>","<span class=""a-size-base s-underline-text"">97</span>","<span class=""a-price-whole"">6<span class=""a-price-decimal"">.</span></span>","<span class=""a-price-fraction"">99</span>"
SIDORENKO Laptop Bag 15/15.6 Inch - Modern Laptop Case made of Canvas I Document Bag I Dirt & Water Proof Computer Bag with Accessory Compartment,"<span class=""a-icon-alt"">4.6 out of 5 stars</span>","<span class=""a-size-base s-underline-text"">72</span>","<span class=""a-price-whole"">19<span class=""a-price-decimal"">.</span></span>","<span class=""a-price-fraction"">70</span>"
Fellowes Crystals Gel Mouse Mat with Wrist Support - Mouse Pad with Non Slip Rubber Base - Ergonomic Mousepad for Computer Laptop - Purple,"<span class=""a-icon-alt"">4.5 out of 5 stars</span>","<span class=""a-size-base s-underline-text"">11,200</span>","<span class=""a-price-whole"">16<span class=""a-price-decimal"">.</span></span>","<span class=""a-price-fraction"">27</span>"
"HCFGS Travel Cable Organiser Bag, Electronics Accessories Organizer Bag, Universal Carry Travel Gadget Bag for Cables, Power Bank,USB Drive, Charger Hard Disk (Black)","<span class=""a-icon-alt"">4.6 out of 5 stars</span>","<span class=""a-size-base s-underline-text"">2,922</span>","<span class=""a-price-whole"">9<span class=""a-price-decimal"">.</span></span>","<span class=""a-price-fraction"">34</span>"
cobee 1:12 Metal Simulation Laptop Tablet Smart Phone Mini 3 Pcs/Set- Dollhouse Miniatures Computer Scene Simulation Furniture Accessories Dolls House Furniture Doll Accessories Play Set (White-3Pcs),"<span class=""a-icon-alt"">4.4 out of 5 stars</span>","<span class=""a-size-base s-underline-text"">120</span>","<span class=""a-price-whole"">5<span class=""a-price-decimal"">.</span></span>","<span class=""a-price-fraction"">48</span>"
"Logitech H390 Wired Headset, Stereo Headphones with Noise-Cancelling Microphone, USB, In-Line Controls, PC/Mac/Laptop - Black","<span class=""a-icon-alt"">4.3 out of 5 stars</span>","<span class=""a-size-base s-underline-text"">5,680</span>","<span class=""a-price-whole"">25<span class=""a-price-decimal"">.</span></span>","<span class=""a-price-fraction"">99</span>"
"Wired Keyboard, Kizhah Wired Backlit Keyboard Computer Keyboard Full Size USB Wired Keyboard Plug and Play for Windows Mac Laptop, PC, Rainbow Gaming Keyboard Ergonomic LED Backlit, QWERTY UK Layout","<span class=""a-icon-alt"">4.4 out of 5 stars</span>","<span class=""a-size-base s-underline-text"">104</span>","<span class=""a-price-whole"">12<span class=""a-price-decimal"">.</span></span>","<span class=""a-price-fraction"">99</span>"
"ZYB 15.6 Inch Laptop Sleeve Protective Case with Accessory Bag, Shockproof Water-resistant Laptop Case 15.6 Inch for 15'' Acer ASUS HP Lenovo Dell Chromebook Notebook MacBook Pro 16, Black","<span class=""a-icon-alt"">4.6 out of 5 stars</span>","<span class=""a-size-base s-underline-text"">89</span>","<span class=""a-price-whole"">16<span class=""a-price-decimal"">.</span></span>","<span class=""a-price-fraction"">99</span>"
"Logitech C270 HD Webcam, HD 720p/30fps, Widescreen HD Video Calling, HD Light Correction, Noise-Reducing Mic, For Skype, FaceTime, Hangouts, WebEx, PC/Mac/Laptop/Macbook/Tablet - Black","<span class=""a-icon-alt"">4.4 out of 5 stars</span>","<span class=""a-size-base s-underline-text"">18,282</span>","<span class=""a-price-whole"">18<span class=""a-price-decimal"">.</span></span>","<span class=""a-price-fraction"">99</span>"
Colourful Rainbow Colours Mouse Mat Pad - Art Mum Sister Fun Gift Computer #8886,"<span class=""a-icon-alt"">4.6 out of 5 stars</span>","<span class=""a-size-base s-underline-text"">265</span>","<span class=""a-price-whole"">4<span class=""a-price-decimal"">.</span></span>","<span class=""a-price-fraction"">99</span>"
65W USB C Charger Replacement for Lenovo Chromebook Thinkpad Yoga Acer Chromebook Aspire HP Chromebook Spectre X360 ASUS Chromebook ZenBook DELL XPS and more TYPE-C AC Adapter,"<span class=""a-icon-alt"">4.3 out of 5 stars</span>","<span class=""a-size-base s-underline-text"">38</span>","<span class=""a-price-whole"">16<span class=""a-price-decimal"">.</span></span>","<span class=""a-price-fraction"">99</span>"
TUSITA Case Compatible with Garmin Edge 530 - Anti Drop Silicone Protective Cover - Cycling GPS Computer Accessories,"<span class=""a-icon-alt"">4.7 out of 5 stars</span>","<span class=""a-size-base s-underline-text"">1,719</span>","<span class=""a-price-whole"">7<span class=""a-price-decimal"">.</span></span>","<span class=""a-price-fraction"">90</span>"
"Bluetooth Mouse for Laptop/iPad/iPhone/Mac(iOS13.1.2 and Later)/PC, Rechargeable Noiseless Mini Wireless Mouse Compatible with Android/ Windows/Linux, Silver","<span class=""a-icon-alt"">4.3 out of 5 stars</span>","<span class=""a-size-base s-underline-text"">7,566</span>","<span class=""a-price-whole"">15<span class=""a-price-decimal"">.</span></span>","<span class=""a-price-fraction"">99</span>"
"BONTEC Metal Monitor Stand, Ergonomic Height Adjustable Computer Monitor Riser for Desks with Cable Management for Laptop, Computer, iMac, PC up to 20KG(2 Pack)","<span class=""a-icon-alt"">4.7 out of 5 stars</span>","<span class=""a-size-base s-underline-text"">148</span>","<span class=""a-price-whole"">22<span class=""a-price-decimal"">.</span></span>","<span class=""a-price-fraction"">94</span>"
Travel Laptop Backpack with USB Charging Port; 15.6 Inch Anti Theft Business Backpack for Men & Women; Water Resistant Computer Rucksack for School/Work/Travel,"<span class=""a-icon-alt"">4.8 out of 5 stars</span>","<span class=""a-size-base s-underline-text"">39</span>","<span class=""a-price-whole"">22<span class=""a-price-decimal"">.</span></span>","<span class=""a-price-fraction"">99</span>"
"UK Plug 3 Prong Power Cord Fit for Samsung LG Sony Panasonic Plasma LCD TV, Replacement for Dell Lenovo HP Computer Monitor Desktop Instant Pot Electric Pressure Cooker, Power Quick Pot 3 Pin Cable","<span class=""a-icon-alt"">4.8 out of 5 stars</span>","<span class=""a-size-base s-underline-text"">24</span>","<span class=""a-price-whole"">7<span class=""a-price-decimal"">.</span></span>","<span class=""a-price-fraction"">66</span>"
"Logitech MK540 Advanced Wireless Keyboard and Mouse Combo for Windows, 2.4 GHz Unifying USB-Receiver, Multimedia Hotkeys, 3-Year Battery Life, for PC, Laptop, QWERTY UK English Layout - Black","<span class=""a-icon-alt"">4.5 out of 5 stars</span>","<span class=""a-size-base s-underline-text"">2,778</span>","<span class=""a-price-whole"">45<span class=""a-price-decimal"">.</span></span>","<span class=""a-price-fraction"">36</span>"
"Logitech MK540 Advanced Wireless Keyboard and Mouse Combo for Windows, 2.4 GHz Unifying USB-Receiver, Multimedia Hotkeys, 3-Year Battery Life, for PC, Laptop, QWERTY UK English Layout - Black","<span class=""a-icon-alt"">4.5 out of 5 stars</span>","<span class=""a-size-base s-underline-text"">2,778</span>","<span class=""a-price-whole"">45<span class=""a-price-decimal"">.</span></span>","<span class=""a-price-fraction"">36</span>"
"BONTEC Metal Monitor Stand, Ergonomic Height Adjustable Computer Monitor Riser for Desks with Cable Management for Laptop, Computer, iMac, PC up to 20KG(2 Pack)","<span class=""a-icon-alt"">4.7 out of 5 stars</span>","<span class=""a-size-base s-underline-text"">148</span>","<span class=""a-price-whole"">22<span class=""a-price-decimal"">.</span></span>","<span class=""a-price-fraction"">94</span>"
Travel Laptop Backpack with USB Charging Port; 15.6 Inch Anti Theft Business Backpack for Men & Women; Water Resistant Computer Rucksack for School/Work/Travel,"<span class=""a-icon-alt"">4.8 out of 5 stars</span>","<span class=""a-size-base s-underline-text"">39</span>","<span class=""a-price-whole"">22<span class=""a-price-decimal"">.</span></span>","<span class=""a-price-fraction"">99</span>"
"UK Plug 3 Prong Power Cord Fit for Samsung LG Sony Panasonic Plasma LCD TV, Replacement for Dell Lenovo HP Computer Monitor Desktop Instant Pot Electric Pressure Cooker, Power Quick Pot 3 Pin Cable","<span class=""a-icon-alt"">4.8 out of 5 stars</span>","<span class=""a-size-base s-underline-text"">24</span>","<span class=""a-price-whole"">7<span class=""a-price-decimal"">.</span></span>","<span class=""a-price-fraction"">66</span>"
"Voova Laptop Bag 14-15.6 Inch, Waterproof Laptop Case Sleeve with Shoulder Strap, Computer Cover Compatible with MacBook Pro 16, Dell XPS 15, Acer Asus Hp Chormebook for women ladies& Girls boys -Pink","<span class=""a-icon-alt"">4.7 out of 5 stars</span>","<span class=""a-size-base s-underline-text"">7,774</span>","<span class=""a-price-whole"">19<span class=""a-price-decimal"">.</span></span>","<span class=""a-price-fraction"">99</span>"
"Surface Pro Surface Laptop Car Charger, 42W 12V 2.58A Microsoft Surface Pro (2017) Surface Book, Pro 3 Pro 4 with USB 5V 2.1A Ports Fast Charging for Tablet or Smartphone","<span class=""a-icon-alt"">4.5 out of 5 stars</span>","<span class=""a-size-base s-underline-text"">380</span>","<span class=""a-price-whole"">19<span class=""a-price-decimal"">.</span></span>","<span class=""a-price-fraction"">48</span>"
"HCFGS Electronics Accessories Organizer Bag, Travel Cable Organiser Bag, Universal Carry Travel Gadget Bag for USB Cable Drive, SD Card , Charger Hard Disk (Gray)","<span class=""a-icon-alt"">4.5 out of 5 stars</span>","<span class=""a-size-base s-underline-text"">4,260</span>","<span class=""a-price-whole"">7<span class=""a-price-decimal"">.</span></span>","<span class=""a-price-fraction"">64</span>"
"USB C Charger Plug 65W LDNIO 3-Port GaN Type C Fast Wall Power Adapter also Support 20W Compatible with MacBook, iPad Air 5/Mini 6, iPhone SE 3/12/13, Pixel 6, Galaxy S22, Dell XPS Laptop etc","<span class=""a-icon-alt"">4.7 out of 5 stars</span>","<span class=""a-size-base s-underline-text"">35</span>","<span class=""a-price-whole"">27<span class=""a-price-decimal"">.</span></span>","<span class=""a-price-fraction"">99</span>"
"QINOL Travel Laptop Backpack Anti-Theft Business Work Backpacks Bag With Usb Charging Port, Durable Water Resistant 15.6 Inch College School Computer Rucksack for Men Women","<span class=""a-icon-alt"">4.6 out of 5 stars</span>","<span class=""a-size-base s-underline-text"">6,182</span>","<span class=""a-price-whole"">17<span class=""a-price-decimal"">.</span></span>","<span class=""a-price-fraction"">99</span>"
"RFIVER Wood Monitor Stand Riser-Desk Riser with Smart Phone Holder-Computer Monitor Stand with Cable Management-Monitor Shelf for Laptop, iMac, PC, 2 Tiers TV Riser Black","<span class=""a-icon-alt"">4.4 out of 5 stars</span>","<span class=""a-size-base s-underline-text"">491</span>","<span class=""a-price-whole"">21<span class=""a-price-decimal"">.</span></span>","<span class=""a-price-fraction"">99</span>"
"Lekesky Laptop Rucksack Bag for Women Men Fits up to 15.6 inch with USB Cable Storage Bag, Grey","<span class=""a-icon-alt"">4.8 out of 5 stars</span>","<span class=""a-size-base s-underline-text"">8,273</span>","<span class=""a-price-whole"">33<span class=""a-price-decimal"">.</span></span>","<span class=""a-price-fraction"">99</span>"
"ThingyClub Monitor Stand Riser with Metal Feet for Computer Laptop iMac TV LCD Display Printer, Computer Monitor Riser with Desk Tabletop Organizer 20x9.45inch Sturdy Platform Save Space (Black)","<span class=""a-icon-alt"">4.7 out of 5 stars</span>","<span class=""a-size-base s-underline-text"">90</span>","<span class=""a-price-whole"">29<span class=""a-price-decimal"">.</span></span>","<span class=""a-price-fraction"">58</span>"
"LOVEVOOK Laptop Backpack Women, Waterproof Laptop Backpack with Laptop Compartment, School Backpack with USB Charging Port, for University, Travel, School, Students, Work (15.6inch, Quilted Grey)","<span class=""a-icon-alt"">4.6 out of 5 stars</span>","<span class=""a-size-base s-underline-text"">8,599</span>","<span class=""a-price-whole"">29<span class=""a-price-decimal"">.</span></span>","<span class=""a-price-fraction"">99</span>"
"Magnetic Privacy Screen for MacBook Pro 13 Inch(2022-2016) MacBook Air 13 inch(2021-2018), Removable Macbook Pro 13 / Air 13 Screen Protector Privacy Anti-Spy Anti-Blue Light Laptop Privacy Filter",,,"<span class=""a-price-whole"">33<span class=""a-price-decimal"">.</span></span>","<span class=""a-price-fraction"">99</span>"
"HyperX Cloud Alpha Wireless - Gaming Headset for PC, 300-hour battery life, DTS Headphone:X Spatial Audio, Memory foam, Dual Chamber Drivers, Noise-cancelling, Black/Red, One Size","<span class=""a-icon-alt"">4.3 out of 5 stars</span>","<span class=""a-size-base s-underline-text"">281</span>","<span class=""a-price-whole"">149<span class=""a-price-decimal"">.</span></span>","<span class=""a-price-fraction"">00</span>"
"FINPAC Hard Shell Laptop Sleeve Case for MacBook Pro 14-inch A2442 2021, 13.3"" MacBook Air M2/A2681 M1/A2337 2022-2018, MacBook Pro 13 M2/M1 A2338 2022-2016, Shockproof Carrying Cover Protective Bag,","<span class=""a-icon-alt"">4.8 out of 5 stars</span>","<span class=""a-size-base s-underline-text"">2,087</span>","<span class=""a-price-whole"">19<span class=""a-price-decimal"">.</span></span>","<span class=""a-price-fraction"">99</span>"
"SEFFO Lap Desk Laptop Stand Portable Tray With Cushion, Built In Mouse Pad And Phone Holder, Up To 15.6""","<span class=""a-icon-alt"">4.6 out of 5 stars</span>","<span class=""a-size-base s-underline-text"">1,562</span>","<span class=""a-price-whole"">24<span class=""a-price-decimal"">.</span></span>","<span class=""a-price-fraction"">99</span>"
"HyperX Cloud Alpha Wireless - Gaming Headset for PC, 300-hour battery life, DTS Headphone:X Spatial Audio, Memory foam, Dual Chamber Drivers, Noise-cancelling, Black/Red, One Size","<span class=""a-icon-alt"">4.3 out of 5 stars</span>","<span class=""a-size-base s-underline-text"">281</span>","<span class=""a-price-whole"">149<span class=""a-price-decimal"">.</span></span>","<span class=""a-price-fraction"">00</span>"
Duronic Dual Monitor Stand Arm PC Desk Mount Riser DM252 Double Height Adjustable Twin Bracket 13-27 Inch LED LCD Two 8KG Computer Screens VESA 75 100,"<span class=""a-icon-alt"">4.5 out of 5 stars</span>","<span class=""a-size-base s-underline-text"">2,855</span>","<span class=""a-price-whole"">25<span class=""a-price-decimal"">.</span></span>","<span class=""a-price-fraction"">49</span>"
NinjaBatt Battery for HP 800049-001 K104 800050-001 KI04 800010-421 800009-421 15-AB150SA HSTNN-DB6T AB254SA HSTNN-LB6S AB271SA 800049-005 - High Performance [4 Cells/2200mAh/33Wh],"<span class=""a-icon-alt"">4.3 out of 5 stars</span>","<span class=""a-size-base s-underline-text"">2,443</span>","<span class=""a-price-whole"">24<span class=""a-price-decimal"">.</span></span>","<span class=""a-price-fraction"">99</span>"
"Cube Extension Lead with USB Slots, 5 Way Plug Extension with 4 USB(3.1A), KEPLUG Black Multi Plug Power Strip 2m Extension Cable,3250W/13A UK Power Socket Extension Cord for Desk Home Office Travel","<span class=""a-icon-alt"">4.6 out of 5 stars</span>","<span class=""a-size-base s-underline-text"">613</span>","<span class=""a-price-whole"">18<span class=""a-price-decimal"">.</span></span>","<span class=""a-price-fraction"">49</span>"
"[Upgrade] HONKYOB Mini Vacuum Cordless Vacuum Keyboard Cleaner Rechargeable Desk Vacuum for Cleaning Dust,Hair,Crumbs,Eraser Scrap,Cigarette Ash,Laptop,Car,Pet House","<span class=""a-icon-alt"">3.9 out of 5 stars</span>","<span class=""a-size-base s-underline-text"">452</span>","<span class=""a-price-whole"">16<span class=""a-price-decimal"">.</span></span>","<span class=""a-price-fraction"">99</span>"
"AJAZZ A3060 - Cute Cat Pink PC USB Wireless Keyboard and Mouse Set, 84 Keys Retro Typewriter Round Key caps 65 percent, Small Cordless Aesthetic Mouse, Compatible Mac Laptop Computer for office game","<span class=""a-icon-alt"">4.3 out of 5 stars</span>","<span class=""a-size-base s-underline-text"">45</span>","<span class=""a-price-whole"">29<span class=""a-price-decimal"">.</span></span>","<span class=""a-price-fraction"">99</span>"
"NJSJ USB PC Speakers,Wired Mini PC Soundbar with 6W Powerful Stereo Sound,RGB LED Light Up Volume Control,Space Saving Design Portable Sound Bar for Windows,Desktop,Laptops,Dorm Office Desk","<span class=""a-icon-alt"">4.3 out of 5 stars</span>","<span class=""a-size-base s-underline-text"">982</span>","<span class=""a-price-whole"">18<span class=""a-price-decimal"">.</span></span>","<span class=""a-price-fraction"">98</span>"
"NULAXY Laptop Stand for Desk, Aluminum Laptop Riser, Ventilated Computer Stand Compatible with MacBook Pro/Air, Dell XPS, HP, Lenovo More 10-15.6” Laptops(Black)","<span class=""a-icon-alt"">4.7 out of 5 stars</span>","<span class=""a-size-base s-underline-text"">6,901</span>","<span class=""a-price-whole"">24<span class=""a-price-decimal"">.</span></span>","<span class=""a-price-fraction"">99</span>"
"Laptop Backpack, Anti-Theft Business Travel Work Computer Rucksack with USB Charging Port, Large Lightweight College High School Bag for Boy Men Women (15.6inch)","<span class=""a-icon-alt"">4.7 out of 5 stars</span>","<span class=""a-size-base s-underline-text"">7,262</span>","<span class=""a-price-whole"">24<span class=""a-price-decimal"">.</span></span>","<span class=""a-price-fraction"">99</span>"
"Gaming Mouse Sumvision RaiJin X Pro Macro Programmable 16.8M Color RGB LED 30G 12,400 DPI High Performance Ergonomic Gaming Mice USB Mouse Wired for PC Computer Laptop UK DESIGN FREE UK TECH SUPPORT","<span class=""a-icon-alt"">4.7 out of 5 stars</span>","<span class=""a-size-base s-underline-text"">142</span>","<span class=""a-price-whole"">16<span class=""a-price-decimal"">.</span></span>","<span class=""a-price-fraction"">99</span>"
"Fenge Dual Monitor Stand, 3 Shelf Adjustable Length and Angle, 107cm Desk Organizer with Removable Slot Drawer, Tablet Phone Holder, Computer Laptop Riser Desk for 2 Monitors, Oak","<span class=""a-icon-alt"">4.5 out of 5 stars</span>","<span class=""a-size-base s-underline-text"">62</span>","<span class=""a-price-whole"">39<span class=""a-price-decimal"">.</span></span>","<span class=""a-price-fraction"">99</span>"
"BUBM Gaming PC Desktop Computer Carrying Case,Protable Travel Handbag for Desktop Tower PC Chassis, Monitor(Up to 24inch), Keyboard and Mouse,Waterproof&Shockproof,Black","<span class=""a-icon-alt"">4.4 out of 5 stars</span>","<span class=""a-size-base s-underline-text"">237</span>","<span class=""a-price-whole"">65<span class=""a-price-decimal"">.</span></span>","<span class=""a-price-fraction"">99</span>"
Lovij Compatible with Mac Book Air & Old MacBook Pro Charger 85W Replacement L-Tip Magsafe1 for Models A1297 A1286 A1278 A1369 A1370 A1342 A1181 and other 45W 60W built before Mid 2012,"<span class=""a-icon-alt"">4.4 out of 5 stars</span>","<span class=""a-size-base s-underline-text"">12</span>","<span class=""a-price-whole"">24<span class=""a-price-decimal"">.</span></span>","<span class=""a-price-fraction"">99</span>"
Replacement Compatible USB Data Sync & Photo Image Transfer Cable Lead UC-E6 for Nikon D-SLR: D3200 Cameras,"<span class=""a-icon-alt"">4.6 out of 5 stars</span>","<span class=""a-size-base s-underline-text"">188</span>","<span class=""a-price-whole"">7<span class=""a-price-decimal"">.</span></span>","<span class=""a-price-fraction"">99</span>"
"VITADE Streaming Webcam with Ring Light, Zoomable Web Camera with Remote Controls, 1080P 60FPS, Fast AutoFocus, Built-in Privacy Cover, Noise Reduction Mics, for PC Mac Laptop Desktop Zoom Skype Teams","<span class=""a-icon-alt"">4.5 out of 5 stars</span>","<span class=""a-size-base s-underline-text"">18</span>","<span class=""a-price-whole"">64<span class=""a-price-decimal"">.</span></span>","<span class=""a-price-fraction"">99</span>"
